ID,predicted
ISIC_0024582.JPG,0
ISIC_0031833.JPG,0
ISIC_0035819-3-rotacion_aleatoria.JPG,1
ISIC_0035261.JPG,0
ISIC_0032946.JPG,0
ISIC_0029988.JPG,0
ISIC_0031636.JPG,0
ISIC_0035240-4-corte_aleatorio.JPG,1
ISIC_0035105.JPG,0
ISIC_0028074.JPG,0
ISIC_0035229-1-new-1-new_size.JPG,1
ISIC_0035420-1-new_size.JPG,1
ISIC_0034578.JPG,0
ISIC_0033956-2-brillo.JPG,1
ISIC_0033607-2-brillo.JPG,1
ISIC_0028316.JPG,0
ISIC_0024401.JPG,0
ISIC_0025010.JPG,0
ISIC_0033717-5-volteo_horizontal.JPG,1
ISIC_0027929.JPG,0
ISIC_0034957-7-zoom.JPG,1
ISIC_0026735-1-new_size.JPG,1
ISIC_0028703.JPG,0
ISIC_0035301.JPG,0
ISIC_0035999.JPG,0
ISIC_0033336-2-brillo.JPG,1
ISIC_0033995-2-brillo.JPG,1
ISIC_0032847-3-rotacion_aleatoria.JPG,1
ISIC_0034572-3-rotacion_aleatoria.JPG,1
ISIC_0034236-7-zoom.JPG,1
ISIC_0027684.JPG,0
ISIC_0035670-4-corte_aleatorio.JPG,1
ISIC_0035545.JPG,0
ISIC_0035887-7-zoom.JPG,1
ISIC_0033843-7-zoom.JPG,1
ISIC_0035562-5-volteo_horizontal.JPG,1
ISIC_0032552-2-brillo.JPG,1
ISIC_0028466.JPG,0
ISIC_0031422.JPG,0
ISIC_0028935.JPG,0
ISIC_0034304.JPG,0
ISIC_0032602-7-zoom.JPG,1
ISIC_0035605-4-corte_aleatorio.JPG,1
ISIC_0034679.JPG,0
ISIC_0032182-1-new_size.JPG,1
ISIC_0027740.JPG,0
ISIC_0035732-2-brillo.JPG,1
ISIC_0031118-1-new_size.JPG,1
ISIC_0030393.JPG,0
ISIC_0032265-2-brillo.JPG,1
ISIC_0033843-2-brillo.JPG,1
ISIC_0033999-7-zoom.JPG,1
ISIC_0035558-1-new_size.JPG,0
ISIC_0024935.JPG,0
ISIC_0029512-1-new_size.JPG,1
ISIC_0036035.JPG,0
ISIC_0035902-6-volteo-vertical.JPG,1
ISIC_0031696.JPG,0
ISIC_0031119.JPG,0
ISIC_0029320.JPG,0
ISIC_0029329.JPG,0
ISIC_0025035-1-new_size.JPG,1
ISIC_0035089-7-zoom.JPG,1
ISIC_0035986-1-new-1-new_size.JPG,1
ISIC_0034648.JPG,0
ISIC_0033333-2-brillo.JPG,1
ISIC_0034391.JPG,0
ISIC_0034263-1-new_size.JPG,1
ISIC_0031089.JPG,0
ISIC_0032911.JPG,0
ISIC_0034764-4-corte_aleatorio.JPG,1
ISIC_0028883.JPG,0
ISIC_0032856-7-zoom.JPG,1
ISIC_0034523.JPG,0
ISIC_0033239-4-corte_aleatorio.JPG,1
ISIC_0034460.JPG,0
ISIC_0033825.JPG,0
ISIC_0027855.JPG,0
ISIC_0032430-4-corte_aleatorio.JPG,1
ISIC_0027729.JPG,1
ISIC_0035688.JPG,0
ISIC_0032330.JPG,0
ISIC_0032441-4-corte_aleatorio.JPG,1
ISIC_0033644-1-new_size.JPG,1
ISIC_0035361.JPG,0
ISIC_0033989.JPG,0
ISIC_0033336-1-new_size.JPG,1
ISIC_0032037.JPG,0
ISIC_0032331-4-corte_aleatorio.JPG,1
ISIC_0028270.JPG,0
ISIC_0026980.JPG,0
ISIC_0035816-1-new-1-new_size.JPG,1
ISIC_0026944.JPG,0
ISIC_0030249.JPG,0
ISIC_0033809.JPG,0
ISIC_0034687-6-volteo-vertical.JPG,1
ISIC_0035026.JPG,0
ISIC_0026583.JPG,0
ISIC_0027253-1-new_size.JPG,1
ISIC_0026694-5-volteo_horizontal.JPG,1
ISIC_0033368-5-volteo_horizontal.JPG,1
ISIC_0024974.JPG,0
ISIC_0030689-1-new_size.JPG,1
ISIC_0025963-1-new_size.JPG,1
ISIC_0025954.JPG,0
ISIC_0032630-3-rotacion_aleatoria.JPG,1
ISIC_0032629-3-rotacion_aleatoria.JPG,1
ISIC_0035911-2-brillo-8-sin_vello.JPG,1
ISIC_0034173-3-rotacion_aleatoria.JPG,1
ISIC_0033166-1-new_size.JPG,1
ISIC_0024315-1-new_size.JPG,1
ISIC_0034573-7-zoom.JPG,1
ISIC_0032653-7-zoom.JPG,1
ISIC_0025917.JPG,0
ISIC_0034290.JPG,0
ISIC_0035366-6-volteo-vertical.JPG,1
ISIC_0032771.JPG,0
ISIC_0030724.JPG,0
ISIC_0030350.JPG,0
ISIC_0024897.JPG,0
ISIC_0034130.JPG,0
ISIC_0029728.JPG,0
ISIC_0035606-3-rotacion_aleatoria.JPG,1
ISIC_0035618.JPG,0
ISIC_0033710-2-brillo.JPG,1
ISIC_0031561-6-volteo-vertical.JPG,1
ISIC_0033063-7-zoom.JPG,1
ISIC_0024761.JPG,0
ISIC_0034150-1-new_size.JPG,1
ISIC_0032597-7-zoom.JPG,1
ISIC_0024931.JPG,0
ISIC_0033962-4-corte_aleatorio.JPG,1
ISIC_0033050-2-brillo.JPG,1
ISIC_0026913.JPG,0
ISIC_0032840-6-volteo-vertical.JPG,1
ISIC_0034062-3-rotacion_aleatoria.JPG,1
ISIC_0026595.JPG,0
ISIC_0032940-2-brillo.JPG,1
ISIC_0033911-1-new_size.JPG,1
ISIC_0031941-1-new_size.JPG,1
ISIC_0035920-2-brillo.JPG,1
ISIC_0031941-5-volteo_horizontal.JPG,1
ISIC_0033708-4-corte_aleatorio.JPG,1
ISIC_0028328.JPG,0
ISIC_0034269-1-new_size.JPG,1
ISIC_0034934-1-new-1-new_size.JPG,1
ISIC_0033560-4-corte_aleatorio.JPG,1
ISIC_0025408.JPG,0
ISIC_0024862.JPG,0
ISIC_0034052-5-volteo_horizontal.JPG,1
ISIC_0032985-2-brillo.JPG,1
ISIC_0034132-2-brillo.JPG,1
ISIC_0034196.JPG,0
ISIC_0027464.JPG,0
ISIC_0028068.JPG,0
ISIC_0030469.JPG,0
ISIC_0035602-3-rotacion-3-rotacion_aleatoria.JPG,1
ISIC_0033533-5-volteo_horizontal.JPG,1
ISIC_0035240-7-zoom.JPG,1
ISIC_0024313-3-rotacion-3-rotacion_aleatoria.JPG,1
ISIC_0035460-2-brillo.JPG,1
ISIC_0031010.JPG,0
ISIC_0032199.JPG,0
ISIC_0027894.JPG,0
ISIC_0034076-4-corte_aleatorio.JPG,1
ISIC_0035680-1-new-1-new_size.JPG,1
ISIC_0030342.JPG,0
ISIC_0033209-3-rotacion_aleatoria.JPG,1
ISIC_0036056-1-new-1-new_size.JPG,1
ISIC_0034687-4-corte-4-corte_aleatorio.JPG,1
ISIC_0034457-2-brillo.JPG,1
ISIC_0028726.JPG,0
ISIC_0034072.JPG,0
ISIC_0029142.JPG,0
ISIC_0031759.JPG,0
ISIC_0030381.JPG,0
ISIC_0033240-5-volteo_horizontal.JPG,1
ISIC_0026653.JPG,0
ISIC_0025503.JPG,0
ISIC_0034375.JPG,0
ISIC_0035910.JPG,0
ISIC_0033215.JPG,0
ISIC_0034076-3-rotacion_aleatoria.JPG,1
ISIC_0032626-2-brillo.JPG,1
ISIC_0029424.JPG,0
ISIC_0030824-1-new_size.JPG,1
ISIC_0032718-7-zoom.JPG,1
ISIC_0035393-2-brillo-8-sin_vello.JPG,1
ISIC_0026105-1-new_size.JPG,1
ISIC_0032197-7-zoom.JPG,1
ISIC_0033595-3-rotacion_aleatoria.JPG,1
ISIC_0028520-1-new_size.JPG,1
ISIC_0035280-2-brillo-8-sin_vello.JPG,1
ISIC_0034052-2-brillo.JPG,1
ISIC_0032103.JPG,0
ISIC_0034262-4-corte_aleatorio.JPG,1
ISIC_0034477-7-zoom.JPG,1
ISIC_0034633-5-volteo_horizontal.JPG,1
ISIC_0031969.JPG,0
ISIC_0033938-7-zoom.JPG,1
ISIC_0033845.JPG,1
ISIC_0032677.JPG,0
ISIC_0035428.JPG,0
ISIC_0034269-2-brillo.JPG,1
ISIC_0035414-4-corte-4-corte_aleatorio.JPG,1
ISIC_0026564.JPG,0
ISIC_0034134-7-zoom.JPG,1
ISIC_0035144.JPG,0
ISIC_0028511.JPG,0
ISIC_0034233-4-corte_aleatorio.JPG,1
ISIC_0025973.JPG,0
ISIC_0031368-1-new_size.JPG,1
ISIC_0034398-7-zoom.JPG,1
ISIC_0035719-7-zoom.JPG,1
ISIC_0032532-2-brillo.JPG,1
ISIC_0026984.JPG,0
ISIC_0033426-4-corte_aleatorio.JPG,1
ISIC_0025733.JPG,0
ISIC_0028168.JPG,0
ISIC_0036044.JPG,1
ISIC_0033863-7-zoom.JPG,1
ISIC_0034104-4-corte_aleatorio.JPG,1
ISIC_0031276.JPG,0
ISIC_0026072.JPG,0
ISIC_0034548-1-new_size.JPG,1
ISIC_0031655.JPG,0
ISIC_0032864.JPG,0
ISIC_0025605.JPG,0
ISIC_0024588.JPG,0
ISIC_0030922.JPG,0
ISIC_0035250.JPG,0
ISIC_0035711-1-new_size.JPG,1
ISIC_0032637-5-volteo_horizontal.JPG,1
ISIC_0024427.JPG,0
ISIC_0034859-2-brillo-8-sin_vello.JPG,1
ISIC_0024634.JPG,0
ISIC_0025476.JPG,0
ISIC_0035900-4-corte_aleatorio.JPG,1
ISIC_0026987.JPG,0
ISIC_0035406-1-new_size.JPG,1
ISIC_0033046.JPG,0
ISIC_0029685.JPG,0
ISIC_0027085.JPG,0
ISIC_0028095.JPG,0
ISIC_0033392-4-corte_aleatorio.JPG,1
ISIC_0035911-1-new-1-new_size.JPG,1
ISIC_0027737.JPG,0
ISIC_0035510-6-volteo-vertical.JPG,1
ISIC_0034581.JPG,0
ISIC_0034846.JPG,0
ISIC_0032841-3-rotacion_aleatoria.JPG,1
ISIC_0029392.JPG,0
ISIC_0024746.JPG,0
ISIC_0033331.JPG,0
ISIC_0031632.JPG,0
ISIC_0033938-1-new_size.JPG,1
ISIC_0033623.JPG,0
ISIC_0030542.JPG,0
ISIC_0026690-1-new_size.JPG,1
ISIC_0032981-2-brillo.JPG,1
ISIC_0033607-3-rotacion_aleatoria.JPG,1
ISIC_0034051-7-zoom.JPG,1
ISIC_0027927.JPG,0
ISIC_0034819-6-volteo-vertical.JPG,1
ISIC_0028451.JPG,0
ISIC_0026052.JPG,0
ISIC_0032708.JPG,0
ISIC_0031746-1-new_size.JPG,1
ISIC_0025933.JPG,0
ISIC_0032732.JPG,0
ISIC_0033638-2-brillo.JPG,1
ISIC_0030162.JPG,0
ISIC_0035326-5-volteo_horizontal.JPG,1
ISIC_0033440-1-new_size.JPG,1
ISIC_0033546-4-corte_aleatorio.JPG,1
ISIC_0031229.JPG,0
ISIC_0035968-4-corte-4-corte_aleatorio.JPG,1
ISIC_0034005-7-zoom.JPG,1
ISIC_0025665.JPG,0
ISIC_0034484.JPG,0
ISIC_0033612-1-new_size.JPG,1
ISIC_0025417.JPG,0
ISIC_0035854-4-corte-4-corte_aleatorio.JPG,1
ISIC_0032192-2-brillo.JPG,1
ISIC_0032544-2-brillo.JPG,1
ISIC_0026976-1-new_size.JPG,1
ISIC_0033704-6-volteo-vertical.JPG,1
ISIC_0033312-7-zoom.JPG,1
ISIC_0034895-2-brillo-8-sin_vello.JPG,1
ISIC_0026465.JPG,0
ISIC_0034657-7-zoom.JPG,1
ISIC_0032287-4-corte_aleatorio.JPG,1
ISIC_0032420-7-zoom.JPG,1
ISIC_0034294-2-brillo.JPG,1
ISIC_0032400-7-zoom.JPG,1
ISIC_0035229-4-corte_aleatorio.JPG,1
ISIC_0035393-3-rotacion_aleatoria.JPG,1
ISIC_0029683.JPG,1
ISIC_0025043.JPG,0
ISIC_0034644-3-rotacion_aleatoria.JPG,1
ISIC_0035610-2-brillo-8-sin_vello.JPG,1
ISIC_0024445.JPG,0
ISIC_0024481-5-volteo-5-volteo_horizontal.JPG,1
ISIC_0035747-1-new-1-new_size.JPG,1
ISIC_0032622-7-zoom.JPG,1
ISIC_0032583-1-new_size.JPG,1
ISIC_0034100-5-volteo_horizontal.JPG,1
ISIC_0035406-5-volteo_horizontal.JPG,1
ISIC_0026840.JPG,0
ISIC_0033699.JPG,0
ISIC_0033872-6-volteo-vertical.JPG,1
ISIC_0033728-5-volteo_horizontal.JPG,1
ISIC_0028365.JPG,0
ISIC_0026073.JPG,0
ISIC_0026479.JPG,0
ISIC_0032332.JPG,0
ISIC_0033936.JPG,0
ISIC_0025082.JPG,0
ISIC_0032709-7-zoom.JPG,1
ISIC_0034886.JPG,0
ISIC_0033616-2-brillo.JPG,1
ISIC_0035124-2-brillo-8-sin_vello.JPG,1
ISIC_0024542.JPG,0
ISIC_0030380.JPG,0
ISIC_0024961-1-new_size.JPG,1
ISIC_0036057-2-brillo.JPG,1
ISIC_0033217-6-volteo-vertical.JPG,1
ISIC_0027182.JPG,0
ISIC_0032396-1-new_size.JPG,1
ISIC_0030073.JPG,0
ISIC_0024519.JPG,0
ISIC_0027643.JPG,0
ISIC_0033562-3-rotacion_aleatoria.JPG,1
ISIC_0025630.JPG,0
ISIC_0033337-3-rotacion_aleatoria.JPG,1
ISIC_0034079.JPG,0
ISIC_0033582.JPG,0
ISIC_0036034-2-brillo.JPG,1
ISIC_0033500-4-corte_aleatorio.JPG,1
ISIC_0033436.JPG,0
ISIC_0035636-3-rotacion_aleatoria.JPG,1
ISIC_0031701.JPG,0
ISIC_0033063-6-volteo-vertical.JPG,1
ISIC_0035063.JPG,0
ISIC_0031144.JPG,0
ISIC_0035823-6-volteo-vertical.JPG,1
ISIC_0024462.JPG,0
ISIC_0026974.JPG,0
ISIC_0034988-5-volteo_horizontal.JPG,1
ISIC_0035406-4-corte_aleatorio.JPG,1
ISIC_0024875-1-new_size.JPG,1
ISIC_0032925-4-corte_aleatorio.JPG,1
ISIC_0032042.JPG,0
ISIC_0034855.JPG,0
ISIC_0034242-4-corte_aleatorio.JPG,1
ISIC_0024585.JPG,0
ISIC_0032950.JPG,0
ISIC_0031236.JPG,0
ISIC_0026076.JPG,0
ISIC_0035047-3-rotacion_aleatoria.JPG,1
ISIC_0026566.JPG,0
ISIC_0035060.JPG,0
ISIC_0026088.JPG,0
ISIC_0035854-7-zoom.JPG,1
ISIC_0035321.JPG,0
ISIC_0026646.JPG,0
ISIC_0029550.JPG,0
ISIC_0033519.JPG,0
ISIC_0032975-5-volteo_horizontal.JPG,1
ISIC_0033524-7-zoom.JPG,1
ISIC_0035271-3-rotacion-3-rotacion_aleatoria.JPG,1
ISIC_0035049.JPG,0
ISIC_0033337-4-corte_aleatorio.JPG,1
ISIC_0032389-1-new_size.JPG,1
ISIC_0032888-1-new_size.JPG,1
ISIC_0034022-4-corte_aleatorio.JPG,1
ISIC_0036051-3-rotacion-3-rotacion_aleatoria.JPG,1
ISIC_0036064.JPG,0
ISIC_0024808.JPG,0
ISIC_0035505-2-brillo.JPG,1
ISIC_0028467-1-new_size.JPG,1
ISIC_0035736-7-zoom-7-zoom.JPG,1
ISIC_0032807-7-zoom.JPG,1
ISIC_0025803.JPG,0
ISIC_0034085-1-new_size.JPG,1
ISIC_0024858.JPG,0
ISIC_0033793.JPG,0
ISIC_0028518.JPG,0
ISIC_0031507.JPG,0
ISIC_0030568.JPG,0
ISIC_0024310-4-corte-4-corte_aleatorio.JPG,1
ISIC_0035922-3-rotacion_aleatoria.JPG,1
ISIC_0034958-3-rotacion_aleatoria.JPG,1
ISIC_0034106-4-corte_aleatorio.JPG,1
ISIC_0029507.JPG,0
ISIC_0025757.JPG,0
ISIC_0034520.JPG,0
ISIC_0025352.JPG,0
ISIC_0035053.JPG,0
ISIC_0035065.JPG,0
ISIC_0033038-7-zoom.JPG,1
ISIC_0032736-5-volteo_horizontal.JPG,1
ISIC_0028106.JPG,0
ISIC_0029457.JPG,0
ISIC_0025849.JPG,0
ISIC_0034480.JPG,0
ISIC_0032526-2-brillo.JPG,1
ISIC_0035123.JPG,0
ISIC_0033122-5-volteo_horizontal.JPG,1
ISIC_0034714-7-zoom-7-zoom.JPG,1
ISIC_0033819-6-volteo-vertical.JPG,1
ISIC_0034312.JPG,0
ISIC_0032149-3-rotacion_aleatoria.JPG,1
ISIC_0033956-1-new_size.JPG,1
ISIC_0032806-6-volteo-vertical.JPG,1
ISIC_0034006-3-rotacion_aleatoria.JPG,1
ISIC_0024375.JPG,0
ISIC_0034208-7-zoom.JPG,1
ISIC_0032872-4-corte_aleatorio.JPG,1
ISIC_0035900-6-volteo-vertical.JPG,1
ISIC_0026644.JPG,0
ISIC_0028005.JPG,0
ISIC_0032823-7-zoom.JPG,1
ISIC_0034740.JPG,0
ISIC_0028637.JPG,0
ISIC_0032976-4-corte_aleatorio.JPG,1
ISIC_0026622-1-new_size.JPG,1
ISIC_0026063.JPG,0
ISIC_0033209-4-corte_aleatorio.JPG,1
ISIC_0035610-3-rotacion_aleatoria.JPG,1
ISIC_0027932.JPG,0
ISIC_0025759.JPG,0
ISIC_0032987-4-corte_aleatorio.JPG,1
ISIC_0024641.JPG,0
ISIC_0032856-3-rotacion_aleatoria.JPG,1
ISIC_0033047-7-zoom.JPG,1
ISIC_0024806-1-new_size.JPG,1
ISIC_0030304.JPG,0
ISIC_0024547.JPG,0
ISIC_0028162.JPG,0
ISIC_0032219-2-brillo.JPG,1
ISIC_0029004.JPG,0
ISIC_0035853-2-brillo-8-sin_vello.JPG,1
ISIC_0033560-7-zoom.JPG,1
ISIC_0032872-7-zoom.JPG,1
ISIC_0035129.JPG,0
ISIC_0033545-3-rotacion_aleatoria.JPG,1
ISIC_0033431-3-rotacion_aleatoria.JPG,1
ISIC_0033369-6-volteo-vertical.JPG,1
ISIC_0028428.JPG,0
ISIC_0032807-5-volteo_horizontal.JPG,1
ISIC_0036062.JPG,0
ISIC_0028788.JPG,0
ISIC_0035535.JPG,0
ISIC_0035351-4-corte-4-corte_aleatorio.JPG,1
ISIC_0033166-7-zoom.JPG,1
ISIC_0028288-6-volteo-vertical.JPG,1
ISIC_0029126.JPG,0
ISIC_0032629-7-zoom.JPG,1
ISIC_0026891.JPG,0
ISIC_0030929-5-volteo_horizontal.JPG,1
ISIC_0030785.JPG,0
ISIC_0029588.JPG,0
ISIC_0026071.JPG,0
ISIC_0033540.JPG,0
ISIC_0035420-4-corte_aleatorio.JPG,1
ISIC_0025987-1-new_size.JPG,1
ISIC_0035887-2-brillo.JPG,1
ISIC_0036029-7-zoom.JPG,1
ISIC_0025340.JPG,0
ISIC_0029656.JPG,0
ISIC_0029301.JPG,0
ISIC_0034990.JPG,0
ISIC_0034343-3-rotacion_aleatoria.JPG,1
ISIC_0029660-1-new_size.JPG,1
ISIC_0034958-7-zoom-7-zoom.JPG,1
ISIC_0025093.JPG,0
ISIC_0034783.JPG,0
ISIC_0033606.JPG,0
ISIC_0034897.JPG,0
ISIC_0033710-7-zoom.JPG,1
ISIC_0031859.JPG,0
ISIC_0029614.JPG,0
ISIC_0033135.JPG,0
ISIC_0035562-3-rotacion_aleatoria.JPG,1
ISIC_0035090-3-rotacion_aleatoria.JPG,1
ISIC_0025026.JPG,0
ISIC_0033061-1-new_size.JPG,1
ISIC_0025663-1-new_size.JPG,1
ISIC_0029709.JPG,0
ISIC_0024587.JPG,0
ISIC_0027336.JPG,0
ISIC_0035934-7-zoom.JPG,1
ISIC_0034764-7-zoom-7-zoom.JPG,1
ISIC_0032420-4-corte_aleatorio.JPG,1
ISIC_0031408-1-new_size.JPG,1
ISIC_0029228.JPG,0
ISIC_0033814-3-rotacion_aleatoria.JPG,1
ISIC_0033905-7-zoom.JPG,1
ISIC_0034687-2-brillo-8-sin_vello.JPG,1
ISIC_0034630-5-volteo_horizontal.JPG,1
ISIC_0034102.JPG,0
ISIC_0033848-1-new_size.JPG,1
ISIC_0025153-1-new_size.JPG,1
ISIC_0033152-2-brillo.JPG,1
ISIC_0034771-2-brillo.JPG,1
ISIC_0024716.JPG,0
ISIC_0027498.JPG,0
ISIC_0033473-2-brillo.JPG,1
ISIC_0026249.JPG,0
ISIC_0031250.JPG,0
ISIC_0028881.JPG,0
ISIC_0025720.JPG,0
ISIC_0027330.JPG,0
ISIC_0027779.JPG,0
ISIC_0035653-3-rotacion-3-rotacion_aleatoria.JPG,1
ISIC_0035089-1-new_size.JPG,1
ISIC_0031084.JPG,0
ISIC_0028668.JPG,0
ISIC_0034882-7-zoom.JPG,1
ISIC_0035271-6-volteo-vertical.JPG,1
ISIC_0032220-3-rotacion_aleatoria.JPG,1
ISIC_0034044.JPG,0
ISIC_0035929-1-new-1-new_size.JPG,1
ISIC_0025995.JPG,0
ISIC_0032672-7-zoom.JPG,1
ISIC_0035313-1-new-1-new_size.JPG,1
ISIC_0032522-1-new_size.JPG,1
ISIC_0034793.JPG,0
ISIC_0033634.JPG,0
ISIC_0035178.JPG,0
ISIC_0027418.JPG,0
ISIC_0025105-1-new_size.JPG,1
ISIC_0035090-4-corte-4-corte_aleatorio.JPG,1
ISIC_0035499.JPG,0
ISIC_0028325-1-new_size.JPG,1
ISIC_0032985-1-new_size.JPG,1
ISIC_0035306-5-volteo_horizontal.JPG,1
ISIC_0033121.JPG,0
ISIC_0035393-4-corte_aleatorio.JPG,1
ISIC_0034047.JPG,0
ISIC_0035675.JPG,0
ISIC_0035469.JPG,0
ISIC_0027428.JPG,0
ISIC_0033678-3-rotacion_aleatoria.JPG,1
ISIC_0034289-3-rotacion_aleatoria.JPG,1
ISIC_0025363-6-volteo-vertical.JPG,1
ISIC_0027792.JPG,0
ISIC_0034183-4-corte_aleatorio.JPG,1
ISIC_0030690.JPG,0
ISIC_0033470-2-brillo.JPG,1
ISIC_0033068-3-rotacion_aleatoria.JPG,1
ISIC_0032596-7-zoom.JPG,1
ISIC_0024311.JPG,0
ISIC_0025955-1-new_size.JPG,1
ISIC_0034638-2-brillo.JPG,1
ISIC_0028586.JPG,0
ISIC_0033548.JPG,0
ISIC_0032549.JPG,0
ISIC_0034386-2-brillo.JPG,1
ISIC_0035414-1-new_size.JPG,1
ISIC_0025810.JPG,0
ISIC_0032868.JPG,0
ISIC_0033312-4-corte_aleatorio.JPG,1
ISIC_0028814.JPG,0
ISIC_0032535-4-corte_aleatorio.JPG,1
ISIC_0025965.JPG,0
ISIC_0032095-1-new_size.JPG,1
ISIC_0034920.JPG,0
ISIC_0033905-5-volteo_horizontal.JPG,1
ISIC_0032059.JPG,0
ISIC_0035420-2-brillo.JPG,1
ISIC_0032918-6-volteo-vertical.JPG,1
ISIC_0032245-2-brillo.JPG,1
ISIC_0030141.JPG,0
ISIC_0035562-7-zoom-7-zoom.JPG,1
ISIC_0033186-6-volteo-vertical.JPG,1
ISIC_0033806-7-zoom.JPG,1
ISIC_0033560-3-rotacion_aleatoria.JPG,1
ISIC_0035889-4-corte_aleatorio.JPG,1
ISIC_0025095.JPG,0
ISIC_0032699-7-zoom.JPG,1
ISIC_0032421.JPG,0
ISIC_0036012-4-corte-4-corte_aleatorio.JPG,1
ISIC_0025879.JPG,0
ISIC_0026953.JPG,0
ISIC_0032750-1-new_size.JPG,1
ISIC_0032698-1-new_size.JPG,1
ISIC_0035756-3-rotacion-3-rotacion_aleatoria.JPG,1
ISIC_0032978.JPG,0
ISIC_0030932-1-new_size.JPG,1
ISIC_0034279.JPG,0
ISIC_0034590.JPG,0
ISIC_0034819-4-corte_aleatorio.JPG,1
ISIC_0033779-2-brillo.JPG,1
ISIC_0028696-5-volteo_horizontal.JPG,1
ISIC_0034529-4-corte_aleatorio.JPG,1
ISIC_0033217-3-rotacion_aleatoria.JPG,1
ISIC_0032604-3-rotacion_aleatoria.JPG,1
ISIC_0032876.JPG,0
ISIC_0029207.JPG,0
ISIC_0030311.JPG,0
ISIC_0033710-4-corte_aleatorio.JPG,1
ISIC_0035562-2-brillo-8-sin_vello.JPG,1
ISIC_0028852.JPG,0
ISIC_0034051-2-brillo.JPG,1
ISIC_0034394-2-brillo.JPG,1
ISIC_0028136.JPG,0
ISIC_0034101-2-brillo.JPG,1
ISIC_0032913-4-corte_aleatorio.JPG,1
ISIC_0032736-4-corte_aleatorio.JPG,1
ISIC_0031421.JPG,0
ISIC_0032658.JPG,0
ISIC_0029570-1-new_size.JPG,1
ISIC_0034628-3-rotacion_aleatoria.JPG,1
ISIC_0034992.JPG,0
ISIC_0032869-2-brillo.JPG,1
ISIC_0035747-6-volteo-vertical.JPG,1
ISIC_0035124-6-volteo-vertical-8-sin_vello.JPG,1
ISIC_0027739.JPG,0
ISIC_0034141-1-new_size.JPG,1
ISIC_0025674-1-new_size.JPG,1
ISIC_0032178.JPG,0
ISIC_0033876.JPG,0
ISIC_0032158.JPG,0
ISIC_0035232-1-new_size.JPG,1
ISIC_0024707.JPG,0
ISIC_0027649.JPG,0
ISIC_0027234-1-new_size.JPG,1
ISIC_0033055-1-new_size.JPG,1
ISIC_0033595-5-volteo_horizontal.JPG,1
ISIC_0032742.JPG,0
ISIC_0028604.JPG,0
ISIC_0030594.JPG,0
ISIC_0033507.JPG,0
ISIC_0032925-2-brillo.JPG,1
ISIC_0033925-7-zoom.JPG,1
ISIC_0026805.JPG,0
ISIC_0027165.JPG,0
ISIC_0025396.JPG,0
ISIC_0034153.JPG,1
ISIC_0025589-1-new_size.JPG,1
ISIC_0032751-2-brillo.JPG,1
ISIC_0034172-3-rotacion_aleatoria.JPG,1
ISIC_0033638-5-volteo_horizontal.JPG,1
ISIC_0034308.JPG,0
ISIC_0035713.JPG,0
ISIC_0033192-7-zoom.JPG,1
ISIC_0032684-4-corte_aleatorio.JPG,1
ISIC_0027510.JPG,0
ISIC_0026100.JPG,0
ISIC_0033117-7-zoom.JPG,1
ISIC_0034012-1-new_size.JPG,1
ISIC_0030694.JPG,0
ISIC_0029677.JPG,0
ISIC_0029862.JPG,0
ISIC_0029037.JPG,0
ISIC_0028486.JPG,0
ISIC_0036051-4-corte_aleatorio.JPG,1
ISIC_0034859-7-zoom-7-zoom.JPG,1
ISIC_0028696-1-new_size.JPG,1
ISIC_0034557.JPG,0
ISIC_0032938-7-zoom.JPG,1
ISIC_0030437.JPG,0
ISIC_0033038-2-brillo.JPG,1
ISIC_0025520-1-new_size.JPG,1
ISIC_0036005-7-zoom.JPG,1
ISIC_0029343-1-new_size.JPG,1
ISIC_0033209-2-brillo.JPG,1
ISIC_0033018.JPG,0
ISIC_0036051-2-brillo.JPG,1
ISIC_0033036.JPG,0
ISIC_0029064.JPG,0
ISIC_0035827-4-corte_aleatorio.JPG,1
ISIC_0033885-6-volteo-vertical.JPG,1
ISIC_0029782.JPG,0
ISIC_0030514.JPG,0
ISIC_0033496-1-new_size.JPG,1
ISIC_0026188-1-new_size.JPG,1
ISIC_0031292.JPG,0
ISIC_0035460-7-zoom-7-zoom.JPG,1
ISIC_0035383.JPG,0
ISIC_0034737-2-brillo-8-sin_vello.JPG,1
ISIC_0033526-1-new_size.JPG,1
ISIC_0027105-1-new_size.JPG,1
ISIC_0027790.JPG,0
ISIC_0035735.JPG,0
ISIC_0034882-3-rotacion_aleatoria.JPG,1
ISIC_0035747-1-new_size.JPG,1
ISIC_0035750.JPG,0
ISIC_0028085.JPG,0
ISIC_0033222.JPG,0
ISIC_0029446.JPG,0
ISIC_0029965.JPG,0
ISIC_0033216-1-new_size.JPG,1
ISIC_0033374.JPG,0
ISIC_0033610.JPG,0
ISIC_0035956-3-rotacion_aleatoria.JPG,1
ISIC_0035757.JPG,0
ISIC_0032830.JPG,0
ISIC_0025615.JPG,0
ISIC_0032958-7-zoom.JPG,1
ISIC_0027948.JPG,0
ISIC_0032970-3-rotacion_aleatoria.JPG,1
ISIC_0035710.JPG,0
ISIC_0032918-1-new_size.JPG,1
ISIC_0034323.JPG,0
ISIC_0029395.JPG,0
ISIC_0030602.JPG,0
ISIC_0032638-3-rotacion_aleatoria.JPG,1
ISIC_0033496-3-rotacion_aleatoria.JPG,1
ISIC_0032374.JPG,0
ISIC_0032622-2-brillo.JPG,1
ISIC_0035326-7-zoom.JPG,1
ISIC_0035313-6-volteo-vertical.JPG,1
ISIC_0030533.JPG,1
ISIC_0025774.JPG,0
ISIC_0031253.JPG,0
ISIC_0027837.JPG,0
ISIC_0032716-4-corte_aleatorio.JPG,1
ISIC_0030391-1-new_size.JPG,1
ISIC_0032915-3-rotacion_aleatoria.JPG,1
ISIC_0035216-7-zoom-7-zoom.JPG,1
ISIC_0035247.JPG,0
ISIC_0033325-7-zoom.JPG,1
ISIC_0027578.JPG,0
ISIC_0035022.JPG,0
ISIC_0030781.JPG,0
ISIC_0024929-1-new_size.JPG,1
ISIC_0032725.JPG,0
ISIC_0027100-1-new_size.JPG,1
ISIC_0035629-1-new-1-new_size.JPG,1
ISIC_0027388.JPG,0
ISIC_0033636-4-corte_aleatorio.JPG,1
ISIC_0034034-4-corte_aleatorio.JPG,1
ISIC_0032748.JPG,0
ISIC_0025416.JPG,0
ISIC_0026747.JPG,0
ISIC_0029607.JPG,0
ISIC_0029817.JPG,0
ISIC_0033710-3-rotacion_aleatoria.JPG,1
ISIC_0026219.JPG,0
ISIC_0033999-4-corte_aleatorio.JPG,1
ISIC_0035280-3-rotacion_aleatoria.JPG,1
ISIC_0032915-2-brillo.JPG,1
ISIC_0031504.JPG,0
ISIC_0027136.JPG,0
ISIC_0034235.JPG,0
ISIC_0024989.JPG,0
ISIC_0033334.JPG,0
ISIC_0035894-5-volteo_horizontal.JPG,1
ISIC_0028558.JPG,0
ISIC_0032875-6-volteo-vertical.JPG,1
ISIC_0032875-4-corte_aleatorio.JPG,1
ISIC_0029842.JPG,0
ISIC_0035030.JPG,0
ISIC_0030374.JPG,0
ISIC_0027613.JPG,0
ISIC_0034529-3-rotacion_aleatoria.JPG,1
ISIC_0035714-4-corte_aleatorio.JPG,1
ISIC_0034208-4-corte_aleatorio.JPG,1
ISIC_0033174-2-brillo.JPG,1
ISIC_0032733-7-zoom.JPG,1
ISIC_0033366.JPG,0
ISIC_0026138.JPG,0
ISIC_0032870-2-brillo.JPG,1
ISIC_0029501.JPG,0
ISIC_0035612.JPG,0
ISIC_0033239-1-new_size.JPG,1
ISIC_0026184.JPG,0
ISIC_0033848-4-corte_aleatorio.JPG,1
ISIC_0033956-4-corte_aleatorio.JPG,1
ISIC_0032835.JPG,0
ISIC_0035177-3-rotacion_aleatoria.JPG,1
ISIC_0032726-4-corte_aleatorio.JPG,1
ISIC_0033154-7-zoom.JPG,1
ISIC_0033300-6-volteo-vertical.JPG,1
ISIC_0035486-5-volteo_horizontal.JPG,1
ISIC_0033595-7-zoom.JPG,1
ISIC_0035280-6-volteo-vertical.JPG,1
ISIC_0031192.JPG,0
ISIC_0030880.JPG,0
ISIC_0034516.JPG,0
ISIC_0030963.JPG,0
ISIC_0034820.JPG,0
ISIC_0032766-7-zoom.JPG,1
ISIC_0027035.JPG,0
ISIC_0035207-3-rotacion-3-rotacion_aleatoria.JPG,1
ISIC_0031343.JPG,0
ISIC_0035218.JPG,0
ISIC_0029201.JPG,0
ISIC_0034640.JPG,0
ISIC_0033429-1-new_size.JPG,1
ISIC_0027138.JPG,0
ISIC_0034659.JPG,0
ISIC_0030560.JPG,0
ISIC_0032108.JPG,0
ISIC_0034754.JPG,0
ISIC_0026798.JPG,0
ISIC_0032951.JPG,0
ISIC_0030713.JPG,0
ISIC_0034971-4-corte_aleatorio.JPG,1
ISIC_0035842.JPG,0
ISIC_0036005-1-new_size.JPG,1
ISIC_0033754-7-zoom.JPG,1
ISIC_0032443.JPG,0
ISIC_0035550-7-zoom-7-zoom.JPG,1
ISIC_0035914-2-brillo.JPG,1
ISIC_0032645-2-brillo.JPG,1
ISIC_0028122.JPG,1
ISIC_0033534-4-corte_aleatorio.JPG,1
ISIC_0033718.JPG,0
ISIC_0026101.JPG,0
ISIC_0027795.JPG,0
ISIC_0034874-7-zoom.JPG,1
ISIC_0027698.JPG,0
ISIC_0033094.JPG,0
ISIC_0033538-3-rotacion_aleatoria.JPG,1
ISIC_0031376.JPG,0
ISIC_0027924.JPG,0
ISIC_0034107-6-volteo-vertical.JPG,1
ISIC_0027288.JPG,0
ISIC_0035263-6-volteo-vertical-8-sin_vello.JPG,1
ISIC_0034363.JPG,0
ISIC_0028535.JPG,0
ISIC_0034657-3-rotacion_aleatoria.JPG,1
ISIC_0033696-2-brillo.JPG,1
ISIC_0029393.JPG,0
ISIC_0026859.JPG,0
ISIC_0026970.JPG,0
ISIC_0033881-4-corte_aleatorio.JPG,1
ISIC_0034895-1-new_size.JPG,1
ISIC_0034959-4-corte-4-corte_aleatorio.JPG,1
ISIC_0033485-1-new_size.JPG,1
ISIC_0035454.JPG,0
ISIC_0032291.JPG,0
ISIC_0035748-4-corte_aleatorio.JPG,1
ISIC_0034494-1-new_size.JPG,1
ISIC_0035964-7-zoom-7-zoom.JPG,1
ISIC_0027108.JPG,0
ISIC_0036037.JPG,0
ISIC_0030520.JPG,0
ISIC_0034997.JPG,0
ISIC_0034514.JPG,0
ISIC_0026632.JPG,0
ISIC_0033400.JPG,0
ISIC_0032058.JPG,0
ISIC_0027213.JPG,0
ISIC_0033142.JPG,0
ISIC_0025066.JPG,0
ISIC_0035559.JPG,0
ISIC_0025548.JPG,0
ISIC_0030513.JPG,0
ISIC_0032424-7-zoom.JPG,1
ISIC_0033570-1-new_size.JPG,1
ISIC_0028341.JPG,0
ISIC_0033867.JPG,0
ISIC_0032958-5-volteo_horizontal.JPG,1
ISIC_0024416.JPG,0
ISIC_0027021-1-new_size.JPG,1
ISIC_0024750.JPG,0
ISIC_0033037-2-brillo.JPG,1
ISIC_0027457.JPG,0
ISIC_0034268.JPG,0
ISIC_0033461.JPG,0
ISIC_0033147.JPG,0
ISIC_0035226.JPG,0
ISIC_0029136.JPG,0
ISIC_0032547-7-zoom.JPG,1
ISIC_0025227.JPG,0
ISIC_0033568-2-brillo.JPG,1
ISIC_0029336.JPG,0
ISIC_0032255.JPG,0
ISIC_0025469.JPG,0
ISIC_0028111.JPG,0
ISIC_0035690-7-zoom-7-zoom.JPG,1
ISIC_0025036.JPG,0
ISIC_0032144.JPG,0
ISIC_0033950.JPG,0
ISIC_0033325-1-new_size.JPG,1
ISIC_0035081-7-zoom-7-zoom.JPG,1
ISIC_0030506.JPG,0
ISIC_0032489.JPG,0
ISIC_0035099-4-corte_aleatorio.JPG,1
ISIC_0029828.JPG,0
ISIC_0033177.JPG,0
ISIC_0033426-3-rotacion_aleatoria.JPG,1
ISIC_0024481-1-new-1-new_size.JPG,1
ISIC_0029849.JPG,0
ISIC_0027157.JPG,0
ISIC_0034359.JPG,0
ISIC_0026379.JPG,0
ISIC_0029279.JPG,0
ISIC_0024913.JPG,0
ISIC_0028956.JPG,0
ISIC_0034712.JPG,0
ISIC_0028058.JPG,0
ISIC_0032586-2-brillo.JPG,1
ISIC_0030645.JPG,0
ISIC_0028976.JPG,0
ISIC_0025436.JPG,0
ISIC_0035229-5-volteo_horizontal.JPG,1
ISIC_0035956-3-rotacion-3-rotacion_aleatoria.JPG,1
ISIC_0029081-1-new_size.JPG,1
ISIC_0026909-1-new_size.JPG,1
ISIC_0030156.JPG,0
ISIC_0031570.JPG,0
ISIC_0033258-5-volteo_horizontal.JPG,1
ISIC_0032810-3-rotacion_aleatoria.JPG,1
ISIC_0026236-1-new_size.JPG,1
ISIC_0034037.JPG,0
ISIC_0033533-1-new_size.JPG,1
ISIC_0035900-3-rotacion_aleatoria.JPG,1
ISIC_0029963.JPG,0
ISIC_0034895-3-rotacion-3-rotacion_aleatoria.JPG,1
ISIC_0033931-5-volteo_horizontal.JPG,1
ISIC_0035313-6-volteo-vertical-8-sin_vello.JPG,1
ISIC_0027856.JPG,0
ISIC_0035048-6-volteo-vertical-8-sin_vello.JPG,1
ISIC_0025930.JPG,0
ISIC_0035920-3-rotacion_aleatoria.JPG,1
ISIC_0032844-5-volteo_horizontal.JPG,1
ISIC_0031417-1-new_size.JPG,1
ISIC_0035748-3-rotacion-3-rotacion_aleatoria.JPG,1
ISIC_0027272.JPG,0
ISIC_0032751-6-volteo-vertical.JPG,1
ISIC_0035925.JPG,0
ISIC_0036057-4-corte_aleatorio.JPG,1
ISIC_0031548.JPG,0
ISIC_0035694.JPG,0
ISIC_0031718-1-new_size.JPG,1
ISIC_0030834.JPG,0
ISIC_0025195-1-new_size.JPG,1
ISIC_0032925-5-volteo_horizontal.JPG,1
ISIC_0027822-1-new_size.JPG,1
ISIC_0035902-1-new-1-new_size.JPG,1
ISIC_0034895-4-corte-4-corte_aleatorio.JPG,1
ISIC_0033178-7-zoom.JPG,1
ISIC_0029762.JPG,0
ISIC_0033416-1-new_size.JPG,1
ISIC_0033691.JPG,0
ISIC_0030402.JPG,0
ISIC_0029726-1-new_size.JPG,0
ISIC_0032731.JPG,0
ISIC_0034313-5-volteo_horizontal.JPG,1
ISIC_0029445.JPG,0
ISIC_0028840.JPG,0
ISIC_0028938.JPG,0
ISIC_0033975-1-new_size.JPG,1
ISIC_0028378.JPG,0
ISIC_0033624-2-brillo.JPG,1
ISIC_0028962.JPG,0
ISIC_0035696-3-rotacion_aleatoria.JPG,1
ISIC_0035653-1-new_size.JPG,1
ISIC_0033801-7-zoom.JPG,1
ISIC_0030958.JPG,0
ISIC_0032215.JPG,0
ISIC_0033801-4-corte_aleatorio.JPG,1
ISIC_0035427.JPG,0
ISIC_0033269-7-zoom.JPG,1
ISIC_0032965-1-new_size.JPG,1
ISIC_0025058.JPG,0
ISIC_0029009.JPG,0
ISIC_0035196-7-zoom.JPG,1
ISIC_0028421.JPG,0
ISIC_0035789-7-zoom-7-zoom.JPG,1
ISIC_0031113.JPG,0
ISIC_0029907.JPG,0
ISIC_0032624-7-zoom.JPG,1
ISIC_0025272.JPG,0
ISIC_0035000-2-brillo.JPG,1
ISIC_0024313-1-new-1-new_size.JPG,1
ISIC_0035078.JPG,0
ISIC_0036030.JPG,0
ISIC_0025189.JPG,0
ISIC_0033949.JPG,0
ISIC_0032389-7-zoom.JPG,1
ISIC_0033317-1-new_size.JPG,1
ISIC_0026989-1-new_size.JPG,1
ISIC_0034171.JPG,0
ISIC_0030058.JPG,0
ISIC_0035997-1-new-1-new_size.JPG,1
ISIC_0035393-7-zoom-7-zoom.JPG,1
ISIC_0035651-4-corte_aleatorio.JPG,1
ISIC_0035790.JPG,0
ISIC_0034764-5-volteo_horizontal.JPG,1
ISIC_0032531-4-corte_aleatorio.JPG,1
ISIC_0034354-3-rotacion_aleatoria.JPG,1
ISIC_0033112.JPG,0
ISIC_0025270.JPG,0
ISIC_0034477-6-volteo-vertical.JPG,1
ISIC_0030068.JPG,0
ISIC_0033569-1-new_size.JPG,1
ISIC_0025188-1-new_size.JPG,1
ISIC_0034106-2-brillo.JPG,1
ISIC_0026067.JPG,0
ISIC_0034988-3-rotacion-3-rotacion_aleatoria.JPG,1
ISIC_0033819-2-brillo.JPG,1
ISIC_0032982-7-zoom.JPG,1
ISIC_0031599.JPG,1
ISIC_0025755-1-new_size.JPG,1
ISIC_0027232.JPG,0
ISIC_0031014.JPG,0
ISIC_0035868-1-new_size.JPG,1
ISIC_0036002.JPG,0
ISIC_0035964-2-brillo.JPG,1
ISIC_0031301.JPG,0
ISIC_0033578-2-brillo.JPG,1
ISIC_0025283.JPG,0
ISIC_0032705.JPG,0
ISIC_0025208.JPG,0
ISIC_0035438.JPG,0
ISIC_0028076.JPG,0
ISIC_0034397.JPG,0
ISIC_0033192-5-volteo_horizontal.JPG,1
ISIC_0030301.JPG,0
ISIC_0034741.JPG,0
ISIC_0028357.JPG,0
ISIC_0035766-4-corte_aleatorio.JPG,1
ISIC_0027959.JPG,0
ISIC_0036005-6-volteo-vertical.JPG,1
ISIC_0030970-1-new_size.JPG,1
ISIC_0035756-7-zoom-7-zoom.JPG,1
ISIC_0025174.JPG,0
ISIC_0032132.JPG,0
ISIC_0029428.JPG,0
ISIC_0033624-3-rotacion_aleatoria.JPG,1
ISIC_0025766-1-new_size.JPG,1
ISIC_0035690-2-brillo-8-sin_vello.JPG,1
ISIC_0033843-3-rotacion_aleatoria.JPG,1
ISIC_0034377.JPG,0
ISIC_0034971-2-brillo.JPG,1
ISIC_0030658.JPG,0
ISIC_0034446-5-volteo_horizontal.JPG,1
ISIC_0029853.JPG,0
ISIC_0032806-4-corte_aleatorio.JPG,1
ISIC_0032538.JPG,0
ISIC_0032433-7-zoom.JPG,1
ISIC_0034243-4-corte_aleatorio.JPG,1
ISIC_0035736-4-corte_aleatorio.JPG,1
ISIC_0032722-7-zoom.JPG,1
ISIC_0032191.JPG,0
